"","Timestamp","Email Address","Food Pantry Name:","address","city","state","zip","Contact's Name:","Contact's Email Address:","WSDA/EFAP Lead Agency (e.g. Emergency Food Network):","Average number of clients served per month:","Hours and days of operation:","Estimated total food storage space in square feet:","Estimated warehouse or offsite storage if different than distribution space:","Do you have adequate shelving for storage and distribution?","In an average month, how close to capacity is your food pantry in the following storage categories? (1 = Empty, 10 = Full) [Fresh]","In an average month, how close to capacity is your food pantry in the following storage categories? (1 = Empty, 10 = Full) [Frozen]","In an average month, how close to capacity is your food pantry in the following storage categories? (1 = Empty, 10 = Full) [Dry]","What type of food would you like to receive more of? (choose all that apply)","In the past year, have you had to refuse food donations you otherwise would have accepted due to lack of storage? [Fresh]","In the past year, have you had to refuse food donations you otherwise would have accepted due to lack of storage? [Frozen]","In the past year, have you had to refuse food donations you otherwise would have accepted due to lack of storage? [Dry]","If yes, how many times in the past year have you refused donations you otherwise would have accepted?","Please give a few examples of donations you refused due to lack of storage over the past year.","How many reach-in commercial refrigerators do you have?","How many walk-in commercial refrigerators do you have?","How many home refrigerator/freezer combinations do you have?","How many reach-in commercial freezers do you have?","How many walk-in commercial freezers do you have?","How many home freezers do you have?","How many locker freezers do you have?","What equipment are you missing? (choose all that apply)","want_fork","want_jack","want_comp","want_tran","What capacity-related improvement would have the biggest impact on your work?","location","lat","lon"
"1",2018-01-09 13:43:00,"jpabiniak@hopelink.org","Hopelink Shoreline","17837 Aurora Ave N, Shoreline, WA, 98133","Shoreline","WA",98133,"Scott Milne","smilne@hopelink.org","Hopelink",1750,"Option 1",1800,"Option 1","Yes",7,7,5,"Fresh, Dry","Yes","No","No",10,"Mainly just optional fresh produce pickups that were presented to us. We turned them down due to a lack of cooler space/no need for them.",1,1,0,1,1,0,0,"Forklift",1,NA,NA,NA,"Slightly larger coolers and freezers would greatly improve our situation. Similarly, so would improved shelving in our coolers","list(lat = 47.7588147, lng = -122.3461885)","47.7588147","-122.3461885"
"2",2018-01-09 16:21:30,"chonn@hopelink.org","Kirkland Hopelink","11011 120th Ave NE, Kirkland, WA, 98034","Kirkland","WA",98034,"Clare Honn","chonn@hopelink.org","Hopelink",4000,"Option 1",750,"Option 1","Yes",9,8,6,"Fresh","Yes","Yes","No",10,"Milk, eggs, produce",2,1,0,1,1,0,0,NA,NA,NA,NA,1,"If we could get another walk-in refrigerator that would significantly increase our capacity.","list(lat = 47.6987817, lng = -122.1818137)","47.6987817","-122.1818137"
"3",2018-01-09 16:24:40,"patti_n@wgap.ws","Skamania Branch Food Bank","683 SW Rock Creek Dr, Stevenson, WA, 98648","Stevenson","WA",98648,"Patti Nichols","patti_n@wgap.ws","Washington Gorge Action Programs",600,"Option 1",400,"Option 1","No",8,9,7,"Fresh, Dry","Yes","No","No",5,"Apples and Pears from Gleaners",3,0,0,3,0,0,0,"Forklift, Pallet Jack, Transportation (ex. truck or van)",1,1,NA,NA,"Refigeration","list(lat = 45.6935906, lng = -121.8928735)","45.6935906","-121.8928735"
"4",2018-01-10 08:21:46,"cbuckler@hopelink.org","Bellevue Hopelink Food Bank","14812 Main St, Bellevue, WA, 98007","Bellevue","WA",98007,"Cain Buckler",NA,"Food Lifeline",600,"Option 1",1500,"Option 1","Yes",5,5,8,"Fresh, Frozen","No","No","No",3,"None",1,2,0,2,1,0,0,"Computers or Software",NA,NA,1,NA,"new freezer and fridge units that fit pallets.  More efficient shelving on food bank floor to store more food out there","list(lat = 47.6101989, lng = -122.1414751)","47.6101989","-122.1414751"
"5",2018-01-10 11:53:17,"jrushton@hopesource.us","HopeSource food bank","110 Penn Ave, Cle Elum, WA, 98922","Cle Elum","WA",98922,"JoAnn Rushton","jrushton@hopesource.us","FISH",210,"Option 1",840,"Option 1","No",7,5,8,"Frozen","No","No","Yes",4,"Canned tomato's, spaghetti, canned beans",0,0,4,0,0,5,0,"scale",NA,NA,NA,NA,"Space and walk in freezer and fridge","list(lat = 47.1943386, lng = -120.9382947)","47.1943386","-120.9382947"
"6",2018-01-10 12:30:34,"kcshoop@gmail.com","Upper Co. Comm. Food Bank","2128 Railroad St, Easton, WA, 98925","Easton","WA",98925,"Patty Radzykewycz",NA,"FISH",150,"Option 1",500,NA,"No",10,9,9,NA,"No","No","No",NA,NA,0,1,6,0,0,6,0,"Forklift, Pallet Jack, Transportation (ex. truck or van), Truck w/lift",1,1,NA,1,NA,"list(lat = 47.2354053, lng = -121.1758431)","47.2354053","-121.1758431"
"7",2018-01-10 15:30:51,"executive.director@nccfoodbank.org","North County Community Food Bank","17 NE 3rd Ave, Battle Ground, WA, 98604","Battle Ground","WA",98604,"Elizabeth Cerveny","executive.director@nccfoodbank.org","CCFB",625,"Option 1",950,"Option 1","No",6,9,9,"Fresh, Frozen, Dry","No","Yes","Yes",4,"Large food drive and frozen donations become a problem due to limited space",2,1,0,0,1,0,0,"Forklift, Pallet Jack, Transportation (ex. truck or van)",1,1,NA,1,"More space,  larger freezer/refrigeration capacity","list(lat = 45.7814231, lng = -122.5340793)","45.7814231","-122.5340793"
"8",2018-01-10 17:09:16,"office@68church.com","6:8 Food Pantry","8802 NW 9th Ave, Vancouver, WA, 98665","Vancouver","WA",98665,"Jim Huntamer","jim@68church.com","Don't Know",700,"Option 1",163,NA,"Yes",7,8,8,"Fresh, Frozen","No","No","No",NA,NA,2,0,0,2,0,4,0,NA,NA,NA,NA,NA,"Workroom for sorting & food prep; storage for non-food items","list(lat = 45.6861414, lng = -122.6805744)","45.6861414","-122.6805744"
"9",2018-01-10 17:25:20,"director@svdpvancouverusa.org","Vancouver St. Vincent de Paul Siciety Conference","2456 NE Stapleton Road, Vancouver, WA, 98661","Vancouver","WA",98661,"Carolyn Palmer","svdp@svdpvancouverusa.org","EFAP",4200,"Option 1",1600,NA,"No",4,5,5,"Fresh, Frozen","No","No","No",NA,NA,2,1,0,1,1,1,0,"Computers or Software, Shopping Carts!  the few that are donated go missing.  We provide a split pantry where we provide part of food to client and the balance is set up as shopping style.",NA,NA,1,NA,"More parking for our clients, more capacity to set up a shopping style pantry with a waiting room for our clients.  Park-like wooden bench's for outside, as they wait in line to entry on a cold, wet day.","list(lat = 45.6398918, lng = -122.6169393)","45.6398918","-122.6169393"
"10",2018-01-10 21:22:27,"vickijeanie@aol.com","Martha's Pantry","5701 MacArthur Blvd, Vancouver, WA, 98661","Vancouver","WA",98661,"Vicki Smith","vickijeanie@aol.com","Clark County Food Bank",70,"Option 1",300,NA,"Yes",7,7,7,"Fresh, Frozen, Dry","No","Yes","Yes",3,"NWH has offered more product than we have space to store including frozen meats, and oats and pasta",1,0,1,1,0,0,0,"Computers or Software, Transportation (ex. truck or van), Walk in freezer, commercial refrigerator",NA,NA,1,1,"commercial refrigerator","list(lat = 45.6228592, lng = -122.6124692)","45.6228592","-122.6124692"
"11",2018-01-11 08:41:20,"svneighborsinneed@gmail.com","Skagit Valley Neighbors In Need","1615 S Second St, Mount Vernon, WA, 98273","Mount Vernon","WA",98273,"Steve  Fox","same","Food Bank",2500,"Option 1",1200,NA,"No",7,9,5,"Fresh","No","No","No",NA,NA,3,2,1,0,0,9,0,NA,NA,NA,NA,NA,"Shelving, big Freezers. We have an account with the local Cold Storage for our bulk freezer items.","list(lat = 48.409833, lng = -122.3382769)","48.409833,","122.3382769)"
"12",2018-01-11 11:20:15,"llaing@hopelink.org","Hopelink Redmond","16725 Cleveland Street, Redmond, WA, 98052","Redmond","WA",98052,"Lauren Laing","llaing@hopelink.org","Scott Milne",1500,"Option 1",NA,NA,"Yes",7,9,8,"Fresh","No","No","No",NA,NA,1,1,0,0,1,0,0,"Computers or Software",NA,NA,1,NA,"More shelving, better and more trucks, bigger fridge and freezers","list(lat = 47.671855, lng = -122.116654)","47.671855,","122.116654)"
"13",2018-01-11 11:35:32,"tkosderk@gmail.com","St. Vincent de Paul Brush Prairie","11607 NE 87th Ave, Vancouver, WA, 98662","Vancouver","WA",98662,"Tim Kosderka","tkosderk@gmail.com",NA,100,"Option 1",600,NA,"Yes",6,7,6,"Fresh, Dry","No","No","No",NA,NA,1,0,1,2,0,6,1,"Computers or Software, Transportation (ex. truck or van)",NA,NA,1,1,"Larger Pantry, waiting room, office, bathroom, private client conference room,walk-in cooler and freezer","list(lat = 45.705929, lng = -122.582421)","45.705929,","122.582421)"
"14",2018-01-11 11:36:58,"rpmwells@q.com","Saint Vincent DePaul, Brush Prairie","8701 NE 119th St, Vancouver, WA, 98662","Vancouver","WA",98662,"Patricia  Wells","rpmwells@q.com","Emergency Food Network",1400,"Option 1",250,"Option 1","No",5,5,8,"Fresh","No","No","No",NA,NA,1,0,1,2,0,8,0,"Transportation (ex. truck or van)",NA,NA,NA,1,"We could use a facility that had more square footage for our operation.  Could use a new refrigerator to replace a very old model inside our building.","list(lat = 45.707101, lng = -122.5831426)","45.707101,","122.5831426)"
"15",2018-01-11 11:53:54,"rkthomp@hctc.com","hood canal food bank","331 N Finch Creek Rd, Hoodsport, WA, 98548","Hoodsport","WA",98548,"Kathy Roberson","rkthomp@hctc.com","Community Action Council",600,"Option 1",1000,"Option 1","Yes",7,8,8,"Fresh, Frozen, Dry","No","No","No",NA,NA,5,0,2,0,1,7,0,"Forklift",1,NA,NA,NA,"walk in fridge","list(lat = 47.4060377, lng = -123.1463346)","47.4060377","-123.1463346"
"16",2018-01-11 14:42:55,"jc@premierforestproducts.com","Quinault Valley Food Bank","31 Burn Rd, Neilton, WA, 98566","Neilton","WA",98566,"Jim Carlson","jc@premierforestproducts.com","Coastal Harvest",275,"Option 1",1000,NA,"No",7,7,7,"Frozen","No","No","No",0,"na",2,1,0,0,1,2,0,"Forklift, Shelving need to replace one freezer",1,NA,NA,NA,"Truck upgrades/repair and operations budget","list(lat = 47.403255, lng = -123.883917)","47.403255,","123.883917)"
"17",2018-01-11 15:17:06,"sheryl.piercy@usw.salvationarmy.org","The Salvation Army","832 6th St, Bremerton, WA, 98337","Bremerton","WA",98337,"Sheryl A. Piercy","sheryl.piercy@usw.salvationarmy.org","St. Vincent de Paul",450,"Option 1",1500,"Option 1","Yes",7,10,5,"Fresh, Frozen, Dry","No","No","No",0,"NA",7,2,0,3,2,0,0,"Forklift",1,NA,NA,NA,"An electric pallet jack.","list(lat = 47.5674961, lng = -122.6320456)","47.5674961","-122.6320456"
"18",2018-01-12 08:21:04,"beth.kennard@usw.salvationarmy.org","The Salvation Army","7509 NE 47th Ave, Vancouver, WA, 98661","Vancouver","WA",98661,"Beth Kennard","Beth.kennard@usw.salvation",NA,NA,"Option 1",2000,NA,"No",6,6,3,"Fresh, Frozen, Dry","No","No","No",NA,NA,3,0,0,0,0,3,0,NA,NA,NA,NA,NA,"Bigger space to improve how we distribute food to families.  Better layout to help the families come in and shop for the foods they are most interested in.","list(lat = 45.6767097, lng = -122.6224919)","45.6767097","-122.6224919"
"19",2018-01-12 09:00:48,"saintspantry@gmail.com","The Saints Pantry Food Bank","214 S 2nd St, Shelton, WA, 98584","Shelton","WA",98584,"Judith Batstone","saintspantry@gmail.com","Community Action Council",3970,"Option 1",1000,NA,"Yes",9,8,8,"Fresh","No","No","No",NA,NA,0,1,0,0,1,6,0,"Forklift",1,NA,NA,NA,"Our space it the biggest limitation.  We are looking for a larger location.","list(lat = 47.2117614, lng = -123.1014997)","47.2117614","-123.1014997"
"20",2018-01-12 10:36:35,"johnp@occac.com","Okanogan Food Pantry","424 2nd Ave S, Okanogan, WA, 98840","Okanogan","WA",98840,"John Perry","johnp@occac.com","Okanogan County Community Action",1620,"Option 1",6000,"Option 1","No",9,8,6,"Fresh, Frozen, Dry","No","No","No",NA,NA,0,1,1,0,1,0,0,"Outdoor rated forklift to move product to and from second warehouse",1,NA,NA,NA,"More shelving would help","list(lat = 48.3619489, lng = -119.5834772)","48.3619489","-119.5834772"
"21",2018-01-12 10:42:31,"andrea@welcometoonelife.com","One Life","1801 Daniels St, Vancouver, WA, 98660","Vancouver","WA",98660,"Andrea Walker","andrea@welcometoonelife.com","Clark County Food Bank",916,"Option 1",800,NA,"No",7,9,8,"Fresh, Frozen, Dry","Yes","Yes","No",15,"frozen foods, frozen vegetables,",3,0,0,2,0,1,0,"Computers or Software, scale",NA,NA,1,NA,"more computers , a way to increase capacity for fresh food displays","list(lat = 45.6352968, lng = -122.6744631)","45.6352968","-122.6744631"
"22",2018-01-12 11:19:58,"ken@alvalou.com","Matlock Community Church","218 W Matlock Brady Rd, Matlock, WA, 98560","Matlock","WA",98560,"Ken Ford","ken@alvalou.com","Community Action Council",1000,NA,1500,NA,"No",4,7,5,"Fresh, Frozen, Dry","No","No","No",NA,NA,1,0,6,0,0,10,0,"walk in freezer and refridgerator",NA,NA,NA,NA,"Walk in cooler and freezer","list(lat = 47.2357727, lng = -123.4073946)","47.2357727","-123.4073946"
"23",2018-01-12 13:31:48,"howell_clz@yahoo.com","Lewis River Mobile Food Bank","38615 NE 41st Ave, La Center, WA, 98629","La Center","WA",98629,"Candice Howell","howell_clz@yahoo.com","Clark County Food Bank",300,"Option 1",2116,"Option 1","Yes",3,6,5,"Fresh","No","No","No",NA,NA,3,NA,NA,1,NA,2,NA,"Transportation (ex. truck or van)",NA,NA,NA,1,"A larger food trailer and heavy duty truck would allow us to haul more food to our distribution sites.","list(lat = 45.900596, lng = -122.628414)","45.900596,","122.628414)"
"24",2018-01-12 13:40:25,"andrea.leal@usw.salvationarmy.org","The Salvation Army","120 W Wishkah St, Aberdeen, WA, 98520","Aberdeen","WA",98520,"Andrea Leal","andrea.leal@usw.salvationarmy.org","Coastal Harvest",1600,"Option 1",NA,NA,"Yes",5,8,7,"Fresh, Frozen, Dry","No","No","No",NA,NA,1,1,0,1,0,0,5,NA,NA,NA,NA,NA,"More freezer space. We are currently on improvements to our food bank.","list(lat = 46.9738876, lng = -123.8190028)","46.9738876","-123.8190028"
"25",2018-01-12 14:03:06,"bramst1@aol.com","Aberdeen Community Food Bank","306 1/2 North I Street, Aberdeen, WA, 98520","Aberdeen","WA",98520,"K Bramstedt","bramst1@aol.com","Coastal Harvest",1200,"Option 1",36,NA,"Yes",7,9,5,"Fresh, Dry","Yes","No","No",NA,"fresh vegetables/fruits that need cold storage",1,0,1,0,0,7,0,"Forklift, Computers or Software, Transportation (ex. truck or van), it would be helpful to have another cooler",1,NA,1,1,"commercial cooler for more fresh food storage.","list(lat = 46.9775366, lng = -123.8193861)","46.9775366","-123.8193861"
"26",2018-01-12 14:52:20,"hoquiamfoodbank@comcast.net","HOQUIAM FOOD & CLOTHING BANK","720 K St, Hoquiam, WA, 98550","Hoquiam","WA",98550,"SUZI SCHOMAKER, MANAGER","AS ABOVE","Coastal Harvest",490,"Option 1",NA,"Option 1","Yes",6,6,4,"Fresh, Frozen, Dry","No","Yes","No",2,"frozen foods",NA,1,2,NA,1,0,0,NA,NA,NA,NA,NA,"upright freeze","list(lat = 46.9760643, lng = -123.8863064)","46.9760643","-123.8863064"
"27",2018-01-12 18:25:13,"goldberg.mm@gmail.com","Ocean Park Food Bank","1601 Bay Ave, Ocean Park, WA, 98640","Ocean Park","WA",98640,"Michael Goldberg","goldberg.mm@gmail.com","Coastal Harvest",1275,"Option 1",1200,"Option 1","No",4,5,9,"Frozen, Dry","No","No","No",NA,NA,0,1,3,0,0,14,0,"Computers or Software, Transportation (ex. truck or van)",NA,NA,1,1,"larger floor space","list(lat = 46.4917299, lng = -124.0485699)","46.4917299","-124.0485699"
"28",2018-01-13 10:03:18,"sam@rvfb.org","Rainier Valley Food Bank","4205 Rainier Ave S, Seattle, WA, 98118","Seattle","WA",98118,"Sam Osborne","sam@rvfb.org","Solid Ground",24000,"Option 1",600,"Option 1","No",10,10,4,"Fresh, Dry","Yes","Yes","No",6,"Pallets of lettuce, and other last-minute large-scale donations of fresh produce",1,1,0,0,1,0,0,"Pallet Jack, Computers or Software, Transportation (ex. truck or van)",NA,1,1,1,"More physical space","list(lat = 47.5653184, lng = -122.2889409)","47.5653184","-122.2889409"
"29",2018-01-13 15:42:52,"director@snoqualmievalleyfoodbank.org","Snoqualmie Valley Food Bank","122 E 3rd St, North Bend, WA, 98045","North Bend","WA",98045,"Heidi Dukich","director@snoqualmievalleyfoodbank.org","Hopelink",1000,"Option 1",1000,"Option 1","No",5,6,5,"Fresh, Frozen","No","Yes","No",1.5,"Frozen Meat",NA,3,NA,NA,1,1,NA,"Forklift, Pallet Jack",1,1,NA,NA,"more space","list(lat = 47.496206, lng = -121.783115)","47.496206,","121.783115)"
"30",2018-01-13 16:35:29,"jearlrugh@coastaccess.com","Ocean Shore Food Bank","848 Anchor Ave, Ocean Shores, WA, 98569","Ocean Shores","WA",98569,"Jerry Rugh","jearlrugh@coastaccess.com","Food Lifeline",645,"Option 1",2075,"Option 1","No",10,9,10,"Fresh, Frozen","No","No","No",NA,NA,1,0,0,1,0,12,0,"Forklift, Pallet Jack, Transportation (ex. truck or van)",1,1,NA,1,"Larger warehouse and additional reach-in refrigerators and freezers. (PS, warehouse space and hours of operations only gives a choice of Option 1. We have 570 square feet of warehouse space and our hours of operation are 1-5 the first and third Thursdays of the month plus emergency food is available 10-3:45 Mon-Sat each week.)","list(lat = 47.01513, lng = -124.165333)","47.01513, ","24.165333)"
"31",2018-01-13 17:45:57,"spiritoflifelc@gmail.com","Life Care Food Bank","3901 Mullenix Road SE, Port Orchard, WA, 98367","Port Orchard","WA",98367,"Life Care Food Bank","spiritoflifelc@gmail.com","Bremerton Food Line",272,"Option 1",352,NA,"Yes",10,10,8,"Frozen, Dry","No","No","No",NA,NA,0,0,2,0,0,3,0,NA,NA,NA,NA,NA,"Commercial freezer","list(lat = 47.4691514, lng = -122.6008289)","47.4691514","-122.6008289"
"32",2018-01-13 19:17:14,"findbonnie@cocast.net","North Pacific County Food Bank","1899 Park Ave, Raymond, WA, 98577","Raymond","WA",98577,"Bonnie Ryan","findbonnie@comcast.net","Coastal Harvest",665,"Option 1",2200,"Option 1","Yes",2,5,7,"Fresh","No","No","No",NA,"NA",0,1,2,0,1,5,NA,"NA",NA,NA,NA,NA,"None we just finished a remodel and are in good shape","list(lat = 46.6938617, lng = -123.7397491)","46.6938617","-123.7397491"
"33",2018-01-14 13:47:13,"laconnersunrisefoodbank@gmail.com","LaConner Sunrise Food Bank","602 South 3rd, LaConner, WA, 98257","LaConner","WA",98257,"Susan Widdop, Director","laconnersunrisefoodbank@gmail.com","Community Action Distribution Center",400,"Option 1",300,NA,"Yes",2,8,2,"Fresh","No","No","No",NA,NA,2,0,5,0,0,0,0,NA,NA,NA,NA,NA,NA,"list(lat = 48.3896597, lng = -122.4955114)","48.3896597","-122.4955114"
"34",2018-01-14 17:50:10,"leon@center-stone.org","Centerstone","722 18th Ave, Seattle, WA, 98122","Seattle","WA",98122,"Leon Garnett","leon@center-stone.org","Solid Ground",3000,"Option 1",2900,NA,"Yes",5,6,5,"Fresh, Dry","No","No","No",0,"n/a",1,1,0,1,1,0,0,NA,NA,NA,NA,NA,NA,"list(lat = 47.6087701, lng = -122.308554)","47.6087701","-122.308554)"
"35",2018-01-15 10:25:20,"operations@mtsifb.org","Mt Si Helping Hands Food Bank","1550 Boalch Ave NW, North Bend, WA, 98045","North Bend","WA",98045,"Cate Reynolds","cate@mtsifb.org","Hopelink",1700,"Option 1",900,"Option 1","Yes",2,6,7,"Fresh, Frozen","No","Yes","No",5,"frozen meat, veggies. bulk amounts of fresh veggies/fruit.",0,1,1,1,1,2,0,"Computers or Software",NA,NA,1,NA,"A larger rent-free building in Snoqualmie, WA","list(lat = 47.5066751, lng = -121.7956161)","47.5066751","-121.7956161"
"36",2018-01-15 14:08:15,"ifth91c@aol.com","Inter-Faith Treasure House","91 C Street, Washougal, WA, 98671","Washougal","WA",98671,"Nancy Wilson","ifth91c@aol.com","Clark County Food Bank",430,"Option 1",3600,NA,"Yes",9,9,7,"Fresh, Dry","No","Yes","No",3,"Frozen meat and frozen vegetables",3,1,0,1,2,0,0,"Transportation (ex. truck or van)",NA,NA,NA,1,"Tubs to pick up fresh alliance products from grocery stores","list(lat = 45.5812541, lng = -122.3802732)","45.5812541","-122.3802732"
"37",2018-01-16 08:18:46,"mikec@familyworksseattle.org","Family Works","1501 North 4th St, Seattle, WA, 98103","Seattle","WA",98103,"Mike Cox","mikec@familyworksseattle.org","Solid Ground",3300,"Option 1",1100,NA,"Yes",6,8,7,"Fresh",NA,"Yes",NA,4.5,"Meat, Frozen Veggies",0,1,0,0,1,0,0,"Forklift",1,NA,NA,NA,"Increased space for cold storage","list(lat = 47.6323255, lng = -122.3495526)","47.6323255","-122.3495526"
"38",2018-01-16 08:18:50,"internsl@uw.edu","UW Campus Food Pantry","3931 Brooklyn Ave NE, Seattle, WA, 98105","Seattle","WA",98105,"Melodie Reece","internsl@uw.edu","University of Washington",200,"Option 1",400,"Option 1","No",1,1,9,"Fresh, Dry","Yes","No","Yes",4.5,"large bags of pet food, diapers, baby food, fresh bread",0,0,0,0,0,0,0,NA,NA,NA,NA,NA,"A full brick-and-mortar pantry location","list(lat = 47.6550783, lng = -122.3147708)","47.6550783","-122.3147708"
"39",2018-01-16 08:22:57,"casey@northhelpline.org","North Helpline Bitter Lake","13000 Linden Ave N, Seattle, WA, 98133","Seattle","WA",98133,"Casey Hobbs","casey@northhelpline.org","Solid Ground",750,"Option 1",1000,NA,"Yes",8,10,9,"Fresh","No","Yes","No",1,"We had to divert turkeys at Thanksgiving due to storage concerns",2,1,0,1,0,2,0,"Forklift",1,NA,NA,NA,NA,"list(lat = 47.7240114, lng = -122.3477452)","47.7240114","-122.3477452"
"40",2018-01-16 11:43:18,"toppcc35@gmail.com","Toppenish Community Chest Food Bank","4 North B St, Toppenish, WA, 98948","Toppenish","WA",98948,"Cecilia Chavez","toppcc35@gmail.com","OIC of Washignton",380,"2 hours 3 days per week",800,"0","Yes",4,5,5,"Fresh, Dry","No","No","No",0,"I have not refused food",1,1,0,0,1,1,0,"Computers or Software",NA,NA,1,NA,"client in take software","list(lat = 46.3773197, lng = -120.3070245)","46.3773197","-120.3070245"
"41",2018-01-16 15:31:43,"kent@socyakima.com","SOC Yakima Food Pantry","221 E Martin Luther King Jr. Blvd., Yakima, WA, 98901","Yakima","WA",98901,"Ken Trainor","kent@socyakima.com","Community Services Moses Lake",1940,"Thursdays 10:00 a.m.  - 12:00.p.m.",900,"0","Yes",5,7,5,"Fresh, Frozen, Dry","Yes","Yes","No",3.5,"Frozen french fries, Milk",0,1,0,0,1,1,0,"Forklift, Computers or Software",1,NA,1,NA,"A new facility with more floor space - not in a basement","list(lat = 46.605608, lng = -120.5048764)","46.605608,","120.5048764)"
"42",2018-01-16 15:37:31,"kent@socyakima.com","SOC Sunnyside Food Pantry","529 S 9th St, Sunnyside, WA, 98944","Sunnyside","WA",98944,"Ken Trainor","kent@socyakima.com","Community Services Moses Lake",1450,"Fridays 9:00 a.m. - 11:30 p.m.",300,"0","No",9,9,9,"Fresh, Frozen, Dry","Yes","Yes","No",5,"Milk, Frozen fries, frozen veg",0,0,6,0,0,3,0,"Computers or Software",NA,NA,1,NA,"Installing a dumbbell Waiter to allow us to store food in the basement without having to carry it up and down stairs","list(lat = 46.3226341, lng = -120.0089745)","46.3226341","-120.0089745"
"43",2018-01-16 15:43:07,"kent@socyakima.com","SOC Mabton Food Pantry","522 Main St, Mabton, WA, 98935","Mabton","WA",98935,"Ken Trainor","kent@socyakima.com","Community Services Moses Lake",1460,"Fridays 9:00 a.m. - 11:00 a.m.",900,"0","Yes",6,9,7,"Fresh, Frozen, Dry","Yes","Yes","No",3,"Milk, Eggs, frozen veg, frozen fries etc",0,1,5,0,0,4,0,"Pallet Jack, Computers or Software",NA,1,1,NA,"Walk-in freezer","list(lat = 46.2100456, lng = -119.9994389)","46.2100456","-119.9994389"
"44",2018-01-16 15:46:34,"kent@socyakima.com","SOC Wapato Food Pantry","118 Ivy St, Wapato, WA, 98951","Wapato","WA",98951,"Ken Trainor","kent@socyakima.com","Community Services Moses Lake",950,"Tuesdays and Fridays 9:00 a.m. - 11:00 a.m.",1500,"0","Yes",5,5,4,"Fresh, Frozen, Dry","No","No","No",0,"N/A",0,1,0,1,1,0,0,"Computers or Software",NA,NA,1,NA,"None at this time","list(lat = 46.3811219, lng = -120.3218741)","46.3811219","-120.3218741"
"45",2018-01-16 16:39:24,"donitamarie54@hotmail.com","The Lord's Pantry","4800 Central Park Dr,  Aberdeen, WA, 98520","Aberdeen","WA",98520,"Donita MacLean","donitamarie54@hotmail.com","Coastal Harvest",NA,"10am-12pm each 2nd and 4th Thursday monthly",500,NA,"Yes",7,8,7,"Fresh, Frozen, Dry","No","No","No",NA,"n/a",0,0,4,0,0,7,0,"n/a",NA,NA,NA,NA,"additional freezer unit","list(lat = 46.9691022, lng = -123.7374448)","46.9691022","-123.7374448"
"46",2018-01-16 18:35:45,"emagasis@jfsseattle.org","Jewish Family Service Polack Food Bank","1601 16th Ave, Seattle, WA, 98122","Seattle","WA",98122,"Esther Magasis","emagasis@jfsseattle.org","Solid Ground",4517,"Wednesday 10am-noon, Thursday 2pm-4pm, Friday 10am-noon",150,"300","Yes",6,8,8,"Fresh","Yes","Yes","Yes",NA,"Cheese, matzoh, eggnog",0,1,0,0,1,0,0,"Forklift",1,NA,NA,NA,"Refrigeration for the van, more storage, larger van, more office space","list(lat = 47.6155896, lng = -122.3118419)","47.6155896","-122.3118419"
"47",2018-01-17 06:30:28,"karenj@acrs.org","ACRS","919 S King St, Seattle, WA, 98104","Seattle","WA",98104,"Karen Jackel","karenj@acrs.org","Solid Ground",9460,"Wed and Fri 10:30-1:00",600,"0","Yes",9,9,9,"Fresh, Frozen, Dry","Yes","No","Yes",12.5,"produce, dairy, dry we had to work out a pick up schedule because could not get all at one time",0,1,1,0,1,3,0,"Forklift",1,NA,NA,NA,"a larger building","list(lat = 47.5982137, lng = -122.320193)","47.5982137","-122.320193)"
"48",2018-01-17 10:27:15,"northwhidbeyhelp@yahoo.com","North Whidbey Help (Help House)","1091 SE Hathaway St, Oak Harbor, WA, 98277","Oak Harbor","WA",98277,"Eric Mager","northwhidbeyhelp@yahoo.com","North Whidbey Help",1508,"M, W, TH, Fri: 8-12 & 1-4 /  Tu: 8-12 & 1-5",1400,NA,"Yes",3,6,4,"Dry","No","No","No",NA,NA,2,0,0,0,1,3,0,NA,NA,NA,NA,NA,"Food distribution","list(lat = 48.289561, lng = -122.647623)","48.289561,","122.647623)"
"49",2018-01-17 11:19:07,"opsmanager@sharenetfoodbank.org","ShareNet Food Bank","26061 United Rd NE, Kingston, WA, 98346","Kingston","WA",98346,"Amy Phillips","opsmanager@sharenetfoodbank.org",NA,250,"10-2 Tues. and Fri.",500,"0","Yes",4,7,7,"Fresh, Frozen","No","No","No",0,NA,2,0,3,1,0,3,3,NA,NA,NA,NA,NA,"more storage","list(lat = 47.799288, lng = -122.5777254)","47.799288,","122.5777254)"
"50",2018-01-17 13:05:49,"southbeachfoodbank@comcast.net","South Beach Food Bank","314 N Broadway St, Westport, WA, 98595","Westport","WA",98595,"Dennis Rasmussen","southbeachfoodbank@comcast.net",NA,150,"2nd & 4th Thursdays of each month from 9am-11am",750,"0","Yes",1,10,8,NA,"No","No","Yes",NA,"Potatoes & onions",1,0,1,0,0,6,0,"Forklift, Pallet Jack, Transportation (ex. truck or van)",1,1,NA,1,"Cold storage","list(lat = 46.8889468, lng = -124.1064502)","46.8889468","-124.1064502"
"51",2018-01-17 15:07:41,"blainefood@hotmail.com","Blaine Food Bank","500 C St, Blaine, WA, 98230","Blaine","WA",98230,"Sally Church","blainefood@hotmail.com","WFC",5500,"Tues & Fri -10am to 1pm. Wed.-5pm to 7pm",4020,"0","Yes",8,8,8,"Frozen","No","No","No",NA,"n/a",1,1,0,0,1,2,0,NA,NA,NA,NA,NA,"More Space","list(lat = 48.999551, lng = -122.7458921)","48.999551,","122.7458921)"
"52",2018-01-17 15:31:42,"mike@issaquahfoodbank.org","Issaquah Food & Clothing Bank","179 1st Ave SE, Issaquah, WA, 98027","Issaquah","WA",98027,"Scott Milne","scottm@hope-link.org","Hopelink",484,"Monday (5:00 PM - 7:00 PM), Tuesday through Thursdays (10:00 AM - 1:00 PM), and Wednesdays (5:00 PM - 7:00 PM)",1303,"420","No",7,9,6,"Fresh, Dry","Yes","Yes","No",16,"The first example was after the holidays when we received an offer to receive 2000 pounds of frozen turkeys, which we declined due to a fill-to-capacity freezer.  Another example also relates to the holidays when a restaurant offered to donate more than 1000 pounds of spiral hams, which we could not accept because our freezer was again full.",3,1,0,1,1,1,0,"Forklift, Pallet Jack, Transportation (ex. truck or van)",1,1,NA,1,"Having a larger facility to store and serve our clients.","list(lat = 47.528687, lng = -122.0349549)","47.528687,","122.0349549)"
"53",2018-01-18 08:00:10,"garyd@pugetsoundlaboragency.org","Puget Sound Labor Agency","2800 1st Avenue, Seattle, WA, 98121","Seattle","WA",98121,"Gary De Jaen","garyd@pugetsoundlaboragency.org","Food Lifeline",4000,"Monday 8-12, Wednesday 4-7, Friday 8-12",1432,NA,"Yes",7,7,8,"Fresh","No","No","No",NA,"N/A",7,NA,1,6,NA,4,NA,NA,NA,NA,NA,NA,"Can't think of any at this time.","list(lat = 47.6168643, lng = -122.3519498)","47.6168643","-122.3519498"
"54",2018-01-18 09:11:00,"ssageacres@hotmail.com","fairview SDA Food Pantry","1010 Fair Ave, Yakima, WA, 98901","Yakima","WA",98901,"Frank Jones","ssageacres@hotmail.com","OIC of Washignton",300,"2 nt & 4 th Sunday of the month  from 9:00 to 12:00 Am",500,NA,"No",6,8,6,"Fresh, Frozen, Dry","Yes","No","No",1,"truck load of squash",0,0,3,0,0,3,0,"Computers or Software",NA,NA,1,NA,"A bigger building with bigger and more freezer and cooler","list(lat = 46.5905195, lng = -120.4881112)","46.5905195","-120.4881112"
"55",2018-01-18 09:16:09,"director@ferndalefoodbank.org","Ferndale Food Bank","1671 Main St, Ferndale, WA, 98248","Ferndale","WA",98248,"Suzanne Nevan","POB 1593 Ferndale WA 98248","Whatcom Community Foundation",2800,"Mon-Wed-Sat 9-11",1440,NA,"Yes",7,8,8,"Fresh","No","No","No",NA,"None",1,1,0,1,1,0,0,"Forklift, Pallet Jack, Computers or Software, Transportation (ex. truck or van)",1,1,1,1,"marketing/social media/donor cultivation/outside storage for dry products not affected by the weather","list(lat = 48.8473921, lng = -122.5714589)","48.8473921","-122.5714589"
"56",2018-01-18 09:49:17,"dcoleman@ruralresources.org","Emergency Food Bank of Ione","302 N 8th St, Ione, WA, 99139","Ione","WA",99139,"Dortha Coleman","dcoleman@ruralresources.org","Rural Resources.Org",90,"1 hour every Thursday 11:30 to 12:30",340,NA,"Yes",NA,7,6,"Frozen, Dry","No","No","No",NA,NA,0,0,0,0,0,3,0,NA,NA,NA,NA,NA,"no needs","list(lat = 48.7361635, lng = -117.4279748)","48.7361635","-117.4279748"
"57",2018-01-18 10:20:23,"tinafz@nwi.net","DSV Crisis Center dba SAGE","710 N Chelan Ave, Wenatchee, WA, 98801","Wenatchee","WA",98801,"TIna","tinafz@nwi.net","Community Action Council",150,"m-f 9 to 5",75,"250","No",3,5,10,"Fresh, Frozen",NA,"Yes","Yes",2,"rice, oats, juice",0,0,2,0,0,3,0,NA,NA,NA,NA,NA,"larger pantry to supply food on site so the food doesn't have to be moved from storage to site.","list(lat = 47.4318857, lng = -120.3214903)","47.4318857","-120.3214903"
"58",2018-01-20 14:34:14,"CHARLOTTEWHITE130@CENTURYLINK.NET","Trinity Mission Cupboard","6700 MacArthur Blvd, Vancouver, WA, 98661","Vancouver","WA",98661,"John White","charlottewhite130@centurylink.net","Clark County Food Bank",317,"3rd Friday of Month   10:00 am - 2:00 pm",350,"0","Yes",8,8,8,NA,"No","No","No",NA,NA,0,0,1,0,0,3,0,NA,NA,NA,NA,NA,"None","list(lat = 45.6205253, lng = -122.6021107)","45.6205253","-122.6021107"
"59",2018-01-20 19:51:20,"orcasislandfoodbank@centurylink.net","Orcas Island Food Bank","176 Madrona St, Eastsound, WA, 98245","Eastsound","WA",98245,"Susan McBain","slmcbain@gmail.com","Whatcom Community Foundation",300,"Tues. 12:30-2:00, Thurs. 5:30-6:30",1250,NA,"Yes",7,8,6,"Fresh","No","No","No",0,"0",1,0,2,0,0,4,0,NA,NA,NA,NA,NA,"A second commercial fridge","list(lat = 48.695484, lng = -122.9028794)","48.695484,","122.9028794)"
"60",2018-01-22 12:03:04,"ifth91c@aol.com","Inter-Faith Treasure House","91 C Street, Washougal, WA, 98671","Washougal","WA",98671,"Nancy Wilson","ifth91c@aol.com","Clark County Food Bank",420,"Monday - Friday 9:30 - 4:00 Saturday 11:00 - 2:00",3600,NA,"Yes",6,9,7,"Fresh","No","No","No",NA,NA,5,1,NA,3,2,NA,NA,"Transportation (ex. truck or van)",NA,NA,NA,1,"Another Van to deliver back pack food to the schools","list(lat = 45.5812541, lng = -122.3802732)","45.5812541","-122.3802732"
"61",2018-01-22 12:04:31,"director@snohomishfoodbank.org","Snohomish Community Food Bank","1330 Feguson Park Road, Snohomish, WA, 98290","Snohomish","WA",98290,"Elizabeth Grant","director@snohomishfoodbank.org","Volunteers of America",2652,"Monday, Wednesday: 9 - noon; Tues: 7 - 7; Th and Fr: 9 - 2; and Sat: 10 - 2 with food service on Tuesdays: 3 - 6:45 and Fri: 10-1:45",1120,"1676","Yes",6,8,8,"Fresh","No","No","No",NA,NA,1,1,2,1,2,2,0,"Forklift",1,NA,NA,NA,"New upgraded walk in freezer","list(lat = 47.929657, lng = -122.096493)","47.929657,","122.096493)"
"62",2018-01-22 13:39:21,"granitefallsfb@gmail.com","GFCC Food Bank","215 S Granite Ave, Granite Falls, WA, 98252","Granite Falls","WA",98252,"Stephanie McMillen-Sherry","granitefallsfb@gmail.com","Volunteers of America",404,"2nd and 4th Wednesdays of the Month from 9:30 AM to 11 AM",1000,"0","No",10,10,10,"Fresh, Frozen","Yes",NA,"Yes",4,"Holiday opportunities for extra donations/pick ups from Grocery Stores",1,0,4,0,1,2,0,"Forklift, Computers or Software, Transportation (ex. truck or van), Commercial reach in refrigerators/ commercial walk in refrigerators",1,NA,1,1,"Funding for a new building, as we are in a capital campaign to Build a NE Snohomish County Community Service Building.  This would increase our ability to serve.","list(lat = 48.0811582, lng = -121.9688171)","48.0811582","-121.9688171"
"63",2018-01-22 14:07:18,"acook@voaww.org","VOAWW Everett Food Bank","1230 Broadway, Everett, WA, 98201","Everett","WA",98201,"Alison Cook","acook@voaww.org","Volunteers of America",2100,"M 10am - 1pm, Tues 3pm - 5pm, Wed 9am - 3pm, Thur 9am - 1pm and 4pm - 6pm, 3rd Sat of every month 10am - 1pm",2000,NA,"No",7,7,7,"Fresh","No","No","No",NA,NA,0,1,5,0,1,2,0,"Pallet Jack, Computers or Software, Transportation (ex. truck or van)",NA,1,1,1,"Not a shared space","list(lat = 48.0006944, lng = -122.2013531)","48.0006944","-122.2013531"
"64",2018-01-22 15:05:48,"rmiller@westgatechapel.com","Edmonds Westgate Chapel Food Bank","22901 Edmonds Way, Edmonds, WA, 98020","Edmonds","WA",98020,"4257752776","rmiller@westgatechapel.com","Volunteers of America",350,"Thursday 11:00 AM to 2:00PM",620,"0","Yes",1,5,5,"Fresh","No","No","No",0,"0",0,1,0,0,1,0,0,"could use updated software",NA,NA,1,NA,"more storage space","list(lat = 47.7915293, lng = -122.3573265)","47.7915293","-122.3573265"
"65",2018-01-22 16:20:10,"foodbank@hopecreekcf.org","Mill Creek Community Food Bank","4326 148th Street SE, Mill Creek, WA, 98012","Mill Creek","WA",98012,"Anne M. gerbing","urang11@icloud","EFAP",276,"1600-1900",650,"700","Yes",1,6,6,"Dry","No","No","No",NA,NA,1,0,2,0,0,3,1,"Transportation (ex. truck or van), Crates-dairy crate size",NA,NA,NA,1,"Brick & mortar food bank operations","list(lat = 47.863098, lng = -122.1735389)","47.863098,","122.1735389)"
"66",2018-01-23 09:07:28,"marysvillefoodbank@frontier.com","Marysville Community Food Bank","4150 88th St NE, Marysville, WA, 98270","Marysville","WA",98270,"Dell Deierling","marysvillefoodbank@frontier.com","Volunteers of America",1337,"Mon, Thurs, & Fri:  7:30-noon.  Tues:  7:30-noon & 2:00 - 6:30pm.  Sat:  7:30-11:30am",1500,"320","Yes",7,6,7,"Fresh","No","Yes","No",2,"We didn't refuse, but delayed reception of ham.  And, we use donated space to store turkeys temporarily one time.",4,1,0,0,2,0,0,NA,NA,NA,NA,NA,"We manage dry storage capacity by seasonally renting a 40 storage container.  Ideally, we would amend our building space to accommodate.","list(lat = 48.0738655, lng = -122.1736785)","48.0738655","-122.1736785"
"67",2018-01-23 09:09:07,"andrea.reedy@usw.salvationarmy.org","The Salvation Army","2525 Rucker Ave, Everett, WA, 98201","Everett","WA",98201,"Andrea Reedy","andrea.reedy@usw.salvationarmy.org","Volunteers of America",1400,"10:30-1:00 and 1:30-5:30, Monday-Thursday",3400,NA,"No",2,7,5,"Fresh, Dry","No","No","No",NA,"None.",2,1,1,0,1,2,0,"We are working on adequate storage, and shelving.",NA,NA,NA,NA,"I think with adequate storage and shelving we would be able to better organize our warehouse and utilize the space more efficiently.","list(lat = 47.9837332, lng = -122.2109308)","47.9837332","-122.2109308"
"68",2018-01-23 13:06:27,"JacksonStFoodBank@hotmail.com","Jackson Street Nourish Food Bank","7410 S 12th St, Tacoma, WA, 98465","Tacoma","WA",98465,"Ed Wolfer","edwolfer@hotmail.com","Emergency Food Network",290,"Last Wednesday of month - 5:00 to 7:00 P.M.",200,NA,"Yes",9,8,5,"Fresh","No","No","No",NA,NA,0,0,2,0,0,2,0,NA,NA,NA,NA,NA,NA,"list(lat = 47.2495963, lng = -122.5365112)","47.2495963","-122.5365112"
"69",2018-01-23 13:31:20,"kpcsdirector@centurytel.net","Key Peninsula Community Services","17015 9th Street Court Kp N, Lakebay, WA, 98349","Lakebay","WA",98349,"Penny Gazabat","kpcsdirector@centurytel.net","Emergency Food Network",250,"Tuesday-Friday  10-4:00",3000,"0","Yes",8,6,5,"Fresh, Frozen, Dry","No","No","No",NA,NA,0,0,9,0,1,2,NA,NA,NA,NA,NA,NA,"food bank should have higher ceilings so clients can shop for themselves.","list(lat = 47.2659475, lng = -122.765545)","47.2659475","-122.765545)"
"70",2018-01-23 13:36:33,"ascs@allsaintsparish.com","All Saints Food Bank","204 6th Ave SW, Puyallup, WA, 98371","Puyallup","WA",98371,"Aleah Patulot","aleahp@allsaintsparish.com","Emergency Food Network",426,"Monday through Thursday, 10am--12pm",1200,NA,"Yes",3,8,6,"Fresh, Frozen, Dry","Yes","No","No",2,"sliced veggies, corn, salad kits",1,0,0,0,1,0,0,NA,NA,NA,NA,NA,"larger space with adequate refrigrator and dry storage.","list(lat = 47.1870449, lng = -122.295307)","47.1870449","-122.295307)"
"71",2018-01-23 13:56:37,"edgewood@nourishpc.org","Edgewood Nourish Food Bank","3607 122nd Ave E, Edgewood, WA, 98372","Edgewood","WA",98372,"Kate Wright","edgewood@nourishpc.org","Emergency Food Network",5300,"Thursdays  3:30 - 6:30pm
Fridays         4:30 - 6:00pm
Saturdays    11:00am - 2:00 pm
",670,"12000","Yes",7,7,9,"Fresh, Frozen","No","No","No",NA,NA,1,1,1,0,1,2,0,NA,NA,NA,NA,NA,"Cold storage","list(lat = 47.224747, lng = -122.2669182)","47.224747,","122.2669182)"
"72",2018-01-23 14:00:39,"martha.curwen@gmail.com","My Sister's Pantry Food & Clothing Bank","621 Tacoma Ave S, Tacoma, WA, 98402","Tacoma","WA",98402,"Martha Curwen","martha.curwen@gmail.com","Emergency Food Network",900,"3 Times per month: 1st & 3rd Monday 5-7pm, 4th Saturday 10:30am to 12:30 pm",1540,NA,"Yes",9,9,9,"Fresh, Frozen, Dry","No","No","No",NA,"N/A",1,1,0,3,0,0,0,"Have a truck and computers. can't accommodate fork lift or jack",NA,NA,NA,NA,"None","list(lat = 47.2574215, lng = -122.4451586)","47.2574215","-122.4451586"
"73",2018-01-23 14:01:40,"maretha.baltimore@usw.salvtionarmy.org","The Salvation Army","4009 9th St SW, Puyallup, WA, 98373","Puyallup","WA",98373,"Maretha Baltimore","maretha.baltimore@usw.salvationarmy.org","Emergency Food Network",540,"Monday & Thursday 1-4:30pm Tuesday 9-11am and 1-2:30pm",NA,NA,"Yes",3,5,5,"Fresh, Dry","No","No","No",NA,NA,1,1,0,2,0,0,0,"Forklift",1,NA,NA,NA,"More space with built in freezers and refrigerators and new walk-in cooler","list(lat = 47.1533926, lng = -122.3032198)","47.1533926","-122.3032198"
"74",2018-01-23 14:04:27,"kpbischofffb@gmail.com","KP Bischoff Food Bank","1916 Ken Peninsula Highway N, Lakebay, WA, 98349","Lakebay","WA",98349,"Kimberly Miller","kpbischofffb@gmail.com","Emergency Food Network",2800,"Tuesday, Thur, Fri 2 to 6 pm Wed 2 to 8 pm and Sat 2 to 5 pm",2800,"0","Yes",4,5,8,"Fresh","No","No","No",0,"0",3,0,3,0,0,11,11,NA,NA,NA,NA,NA,NA,"list(lat = 47.2763692, lng = -122.7687965)","47.2763692","-122.7687965"
"75",2018-01-23 14:16:18,"rrm9500@yahoo.com","parkland 1st baptist food bank","11222 10th Ave S, Tacoma, WA, 98444","Tacoma","WA",98444,"randy mcelliott","rrm9500@yahoo.com","Emergency Food Network",1500,"11-3 tues thurs",1000,NA,"No",3,4,2,"Fresh, Frozen, Dry","No","No","No",0,NA,3,0,3,0,0,10,0,"Computers or Software, Transportation (ex. truck or van)",NA,NA,1,1,"bigger bldg. and storage","list(lat = 47.154603, lng = -122.44781)","47.154603,","122.44781)"
"76",2018-01-23 16:13:38,"youngster2574@gmail.com","Allen Food Pantry","1223 Martin Luther King Jr. Way, Tacoma, WA, 98405","Tacoma","WA",98405,"Tara Young","youngster2574@gmail.com","Emergency Food Network",320,"Tuesday: 10 a.m. - 12 p.m.",1500,NA,"Yes",7,7,7,"Dry","No","No","No",NA,NA,0,0,3,0,0,2,1,"Computers or Software",NA,NA,1,NA,"New commercial storage appliances","list(lat = 47.2503133, lng = -122.4508781)","47.2503133","-122.4508781"
"77",2018-01-23 16:23:11,"graham@nourishpc.org","Graham South Hill Food Bank","10425 187th St E, Puyallup, WA, 98374","Puyallup","WA",98374,"Julie Wiesen","graham@nourishpc.org","Emergency Food Network",5000,"Monday and Friday 10 to 1:30pm, Wednesday 2-6pm",NA,"2600","Yes",6,6,6,"Fresh","Yes","Yes","Yes",4,"fresh lettuce, fresh broccoli, frozen vegetables, non nutritious drinks or snack items",2,1,0,2,1,0,0,NA,NA,NA,NA,NA,"more space to store food drives and food that all come in at the same time","list(lat = 47.0878984, lng = -122.2910548)","47.0878984","-122.2910548"
"78",2018-01-23 16:44:47,"eastcountyfb@outlook.com","East Grays Harbor County Foodbank","106 W Main St, Elma, WA, 98541","Elma","WA",98541,"Linda Scerbo","linda9371@gmail.com","Coastal Harvest",1653,"every Monday  1230-4pm  and 2nd Monday  1230-7pm",200,"0","Yes",2,5,7,"Fresh, Frozen","No","No","No",NA,"na",0,0,2,0,1,1,0,"Transportation (ex. truck or van), cooler/refrigerator for fresh fruit/produce/milk/etc",NA,NA,NA,1,"cooler/refrigerator and an exhaust fan for our building during the summer to remove heat","list(lat = 47.0047135, lng = -123.4018169)","47.0047135","-123.4018169"
"79",2018-01-23 17:04:00,"jennifer@tacoma-acs.org","Tacoma Adventist Community Services","3108 Portland Ave. East, Tacoma, WA, 98404","Tacoma","WA",98404,"Jennifer Rollins","jennifer@tacoma-acs.org","Emergency Food Network",4850,"Monday through Thursday 9AM to 2 PM",3500,NA,"No",5,6,6,"Fresh, Frozen, Dry","No","No","No",NA,NA,0,1,1,0,1,6,2,"Forklift, Transportation (ex. truck or van)",1,NA,NA,1,"A more functional building. One that would allow us to move pallets in/out of the building. Having a loading/unloading area that is separate from our client entrance, more shelving to help us get our food to be distributed more organized so we could serve more clients.","list(lat = 47.2354499, lng = -122.4099207)","47.2354499","-122.4099207"
"80",2018-01-24 09:33:58,"armstrongfarm@comcast.net","Life Center Rainier Food Bank","17708 28th Ave E, Tacoma, WA, 98445","Tacoma","WA",98445,"Karen Armstrong","armstrongfarm@comcast.net","Emergency Food Network",240,"2 hours every Tuesday",576,"100","Yes",7,6,8,"Fresh, Frozen, Dry","No","No","No",NA,NA,0,0,3,0,0,3,0,NA,NA,NA,NA,NA,"We are hoping for one more nice refrigerator.","list(lat = 47.095262, lng = -122.3929229)","47.095262,","122.3929229)"
"81",2018-01-24 11:55:13,"foodbank@eatonvillefamilyagency.org","Eatonville Family Agency","305 Center St. W, Eatonville, WA, 98328","Eatonville","WA",98328,"Alana Smith","asmith@eatonvillefamilyagency.org","Emergency Food Network",1079,"Food Bank:  MWF 9am-3pm/ Thurs 9am-7pm  Food Bank Closed 12-12:30 for lunch daily.   Office open M-F 8-4",840,"0","No",9,7,8,"Fresh, Frozen, Dry","Yes","No","Yes",10,"Bread donations from an outlet, EFN large quantity pallets of fruit and household items.",0,1,1,0,1,2,0,"Pallet Jack, Computers or Software, Transportation (ex. truck or van), Our pallet jack is on it's last leg, we have a van but that limits us to a small radius for meat donations and quantity of food pickups.  A refrigerated truck is needs to stay current with the growing demands of the community.",NA,1,1,1,"A new building on our empty property here on site.  We are all ready to go to a shopping type experience to the people of our community but unfortunately our space right now just will not accommodate that.","list(lat = 46.8671204, lng = -122.2702157)","46.8671204","-122.2702157"
"82",2018-01-24 12:36:44,"Fredmarymitchell@aol.com","Fife Milton Food Bank","2303 54th Ave E, Fife, WA, 98424","Fife","WA",98424,"Fred Mitchell","Fredmarymitchell@aol.com","Emergency Food Network",605,"9:00am--2:00pm   M,Tu,Th",200,"100","No",9,7,7,"Frozen, Dry","No","No","Yes",2,"2 pallets of dry",0,0,5,0,0,5,0,"Computers or Software, Transportation (ex. truck or van)",NA,NA,1,1,"more storage","list(lat = 47.235408, lng = -122.35547)","47.235408,","122.35547)"
"83",2018-01-24 13:39:48,"jkrebic@hottmail.com","Joseph Storehouse","570 Eatonville Hwy West, Eatonville, WA, 98328","Eatonville","WA",98328,"joe rebic","jkrebic@hottmail.com","Emergency Food Network",400,"10:00 Am-1:00 Pm Tuesdays",800,"0","Yes",1,1,1,"Fresh, Frozen, Dry","No","No","No",NA,"n/a",3,0,2,2,0,1,0,"Forklift, Pallet Jack, Walk-ins",1,1,NA,NA,"Pallet Jack Walk-In Fridge ,walk-in Freezer","list(lat = 46.8666801, lng = -122.2740217)","46.8666801","-122.2740217"
"84",2018-01-24 14:44:56,"arleneevavold@comcast.net","St. Andrew / Emmanuel Food Pantry","1401 Valley Avenue, Sumner, WA, 98390","Sumner","WA",98390,"Arlene Evavold","arleneevavold@comcast.net","Emergency Food Network",550,"T/F - 10am-12pm; W 3pm-5pm",840,"0","Yes",10,10,10,NA,"Yes","Yes","Yes",NA,"frozen items (fish/chicken); cartons of juice",2,0,0,2,0,1,0,"Transportation (ex. truck or van)",NA,NA,NA,1,"We are limited in our capacity space due to the small buildings that we're working out of. Not that we couldn't take more food for clients if we had the space, but it's not equipment space we need, it's actual building space. We're working on this!","list(lat = 47.2063901, lng = -122.2278266)","47.2063901","-122.2278266"
"85",2018-01-24 16:14:37,"tillicumcenter@qwestoffice.net","Tillicum/American Lake Gardens Community Service  Food Bank","14916 Washington Ave SW, Lakewood, WA, 98498","Lakewood","WA",98498,"Claudia Fisher","ClaudiaFisher@outlook.com","Emergency Food Network",300,"Monday,Wednesday,Friday sign up 9-11 pickup 1-2",300,"0","Yes",4,6,7,"Fresh, Frozen, Dry","No","Yes","No",4,"sandwiches and in kind types like that could of been frozen for use later, veggies bread pastries",1,0,0,2,0,0,0,"we don't have but we dont need a forklift or a palletjack. But we are in dire need of another freezer",NA,NA,NA,NA,"more shelving","list(lat = 47.123791, lng = -122.554214)","47.123791,","122.554214)"
"86",2018-01-25 17:47:34,"dawnw@foodconnection.org","St Leo Food Connection","1323 S Yakima Ave, Tacoma, WA, 98405","Tacoma","WA",98405,"Dawn L Whitman","dawnw@foodconnection.org","Emergency Food Network",10981,"Dist:Tu&Th 10a-5:30p, We&Fr 10a-3:30p, Sa 10a-1:30p  Admin:M-F 8:30a-4:30p",2500,"0","Yes",7,7,5,"Fresh, Frozen, Dry","No","No","No",0,"NA",0,3,0,1,1,0,0,"Transportation (ex. truck or van)",NA,NA,NA,1,"Larger space to accommodate indoor waiting for clients","list(lat = 47.2496766, lng = -122.4463095)","47.2496766","-122.4463095"
"87",2018-01-26 11:09:15,"endhunger@svfoodbank.org","Sky Valley Food Bank","233 Sky River Parkway, Monroe, WA, 98272","Monroe","WA",98272,"Carla Stewart","carla@svfoodbank.org","Volunteers of America",4000,"Mon, Wed, Fri 9-11:30 am and Mon 6-7 pm",3600,"0","No",8,8,8,"Fresh, Frozen, Dry","Yes","Yes","Yes",12,"We have to turn down onions and potatoes on a weekly basis",0,1,0,0,1,0,0,"Computers or Software, Transportation (ex. truck or van)",NA,NA,1,1,"Reach in coolers to allow us to move to a shopping model","list(lat = 47.8499928, lng = -121.9795667)","47.8499928","-121.9795667"
"88",2018-01-26 11:49:53,"Lakewood@NourishPC.org","Lakes Nourish Food Bank","6900 Steilacom Blvd SW, Lakewood, WA, 98499","Lakewood","WA",98499,"Elena Sanchez","Lakewood@NourishPC.org","Kat westerdahl",5525,"Mondays 2pm-6pm, Wednesdays and Fridays 1pm-5pm",1728,"570","Yes",9,5,10,"Fresh, Frozen","No","No","No",1,"Refused due to need of refrigerated transportation.",4,0,0,6,0,1,0,"Pallet Jack, Computers or Software, Transportation (ex. truck or van)",NA,1,1,1,"Better building layout as well as walk-in Freezers and Refrigerators","list(lat = 47.176321, lng = -122.529207)","47.176321,","122.529207)"
"89",2018-01-26 13:09:58,"scfoodbank@scfbs.org","Stanwood Camano Food Bank Services","27030 102nd Ave NW, Stanwood, WA, 98292","Stanwood","WA",98292,"lynne ayers","director@scfbs.org","Volunteers of America",2429,"WF 10 - 1 (1st & 3rd Fridays 8:30 am for Seniors), Sat 10 - 12",5100,"1600","No",3,7,3,"Fresh, Frozen","No","Yes","No",12.5,"Frozen Protein, Frozen Veggies",1,1,0,1,1,1,0,"Forklift, Computers or Software, Transportation (ex. truck or van), Walk In Fridg for Backpack, Commercial 3 door fridg for serve, Commercial 3 door fridg for serve",1,NA,1,1,"Building a receiving warehouse across the street from us with cold and frozen storage available","list(lat = 48.2421169, lng = -122.3709612)","48.2421169","-122.3709612"
"90",2018-01-26 14:52:33,"angiu@familiesunlimitednetwork.org","Families Unlimited Network","2610 Sunset Dr W, University Place, WA, 98466","University Place","WA",98466,"Angi Unger","angiu@familiesunlimitednetwork.org","Emergency Food Network",2000,"Tuesday 12-3, Thursday 3:30-5, Saturday 10-12",1200,"250","Yes",7,8,8,"Fresh, Frozen","No","Yes","No",2,"Chicken Drumsticks, frozen sandwiches, frozen meals all from EFN",3,0,0,6,0,2,0,"Forklift, Pallet Jack, Transportation (ex. truck or van)",1,1,NA,1,"walk in fridge or freezer","list(lat = 47.2369329, lng = -122.5454111)","47.2369329","-122.5454111"
"91",2018-01-26 15:35:50,"paul.loveless@ci.steilacoom.wa.us","We Love Steilacoom Association","1030 Roe Street, Steilacoom, WA, 98388","Steilacoom","WA",98388,"Paul Loveless","paul.loveless@ci.steilacoom.wa.us","Emergency Food Network",300,"2nd and 4th Saturdays - 9:30 - 11;  Weekly backpack program.",200,NA,"Yes",6,6,5,"Dry","No","No","No",NA,"N/A",0,0,1,0,0,1,0,"Transportation (ex. truck or van)",NA,NA,NA,1,"Larger space.","list(lat = 47.165794, lng = -122.5857489)","47.165794,","122.5857489)"
"92",2018-01-27 11:48:21,"kjorgenson@centurytel.net","Food Backpacks 4 Kids","9016 154th Ave Ct KpN, Lakebay, WA, 98349","Lakebay","WA",98349,"Karen Jorgenson","karenj@foodbackpacks4kids.org","Emergency Food Network",1600,"Wednesdays, 9 a.m. to 11:30 a.m.",500,"0","No",1,1,9,"Dry","No","No","Yes",3,"Oatmeal, rice, canned goods, cereal, juice",0,0,0,0,0,0,0,"Forklift",1,NA,NA,NA,"storage space","NULL","",""
"93",2018-01-29 07:17:35,"yugo88@aol.com","Bonney Lake Community Resources","18409 Veterans Memorial Dr, Bonney Lake, WA, 98391","Bonney Lake","WA",98391,"Stew Bowen","stew@teamblcr.us","Emergency Food Network",1100,"Tuesday 10-1 and 5-7pm Wed.& Thursday 10-1 Friday 10-1 An 5-7pm",800,"0","Yes",2,4,7,"Fresh","No","No","No",0,"Do not refuse donations",3,1,0,3,0,0,0,NA,NA,NA,NA,NA,"A new building to house the food bank.","list(lat = 47.1779593, lng = -122.183426)","47.1779593","-122.183426)"
"94",2018-01-29 08:41:30,"ramblinrose575@gmail.com","Buckley Kiwanis Food Bank","127 N River Rd, Buckley, WA, 98321","Buckley","WA",98321,"Rose Clark","ramblinrose575@gmail.com","Emergency Food Network",5400,"Wednesdays 9-2 and Fridays 9-12",1000,NA,"Yes",5,9,8,"Fresh","No","Yes","No",1.5,"frozen meat",1,0,0,2,0,2,0,NA,NA,NA,NA,NA,"none","list(lat = 47.1640684, lng = -122.0281118)","47.1640684","-122.0281118"
"95",2018-01-29 15:27:22,"kathy.steinkamp@makah.com","Makah Food Bank","90 Resort Dr, Neah Bay, WA, 98357","Neah Bay","WA",98357,"kathy Steinkamp","Kathy.Steinkamp@makah.com","Olycap",544,"Mon-Fri  8a.m.- 5p.m.",NA,NA,"No",3,5,7,"Fresh","No","No","No",NA,NA,1,1,0,0,1,3,0,"Forklift, Refrig/freezer",1,NA,NA,NA,"shelving","list(lat = 48.3475225, lng = -124.6680859)","48.3475225","-124.6680859"
"96",2018-01-29 16:31:30,"shirley@chainmaker.com","Port Townsend Food Bank","1925 Blaine St, Port Townsend, WA, 98368","Port Townsend","WA",98368,"Shirley Moss","shirley@chainmaker.com","Olycap",350,"Wed 10-3  Saturday 11:30-2:00",1800,"0","No",7,7,7,"Fresh","No","Yes","No",2,"turkeys",2,1,1,0,1,5,1,"Transportation (ex. truck or van)",NA,NA,NA,1,"refrigerated delivery truck","list(lat = 48.1147914, lng = -122.7716422)","48.1147914","-122.7716422"
"97",2018-01-30 10:08:42,"Jim.Allen@elwha.org","Lower Elwha Klallam Tribe Food Pantry","3080 Lower Elwha Road, Port Angeles, Wa, 98363","Port Angeles","Wa",98363,"Jim Allen","Jim.Allen@elwha.org","Port Angeles Food Bank",62,"8am - 5pm Monday through Friday",126,NA,"No",6,5,7,"Frozen, Dry","No","No","No",NA,NA,0,1,1,0,0,4,0,"Forklift, Pallet Jack",1,1,NA,NA,"Currently we have our food stored in three locations in one building. With adequate storage methods in one area, we may be able to store all the dry goods in the same room that most of the freezers and refrigerators are located.","list(lat = 48.1443018, lng = -123.5535309)","48.1443018","-123.5535309"
"98",2018-01-30 14:49:17,"northwest@nourishpc.org","Northwest Nourish","2710 N Madison St, Tacoma, WA, 98407","Tacoma","WA",98407,"Marcus Stoll","northwest@nourishpc.org","Emergency Food Network",4000,"Wed: 12:00-4:00pm; Sat: 11:30-3:00pm",600,"300","Yes",7,4,3,"Fresh, Frozen, Dry","Yes","No","No",4,"Produce/dairy",2,1,0,2,0,4,1,NA,NA,NA,NA,NA,"Refrigeration","list(lat = 47.2723217, lng = -122.4908433)","47.2723217","-122.4908433"
"99",2018-01-30 15:20:15,"jim@puyallupfoodbank.org","Puyallup Food Bank","110 23rd St SE, Puyallup, WA, 98372","Puyallup","WA",98372,"JIm Beaudoin","jim@puyallupfoodbank.org","Emergency Food Network",5368,"Mon, Tues, Wed, Friday 12-3:30pm Last Thurs Evening 5-7pm",6500,"1500","Yes",8,8,7,"Fresh, Frozen, Dry","No","Yes","No",5,"Truck load size refrigerated items",1,1,0,2,1,1,0,NA,NA,NA,NA,NA,"Newer truck and larger refrigerated/freezer space","list(lat = 47.1911671, lng = -122.2653052)","47.1911671","-122.2653052"
"100",2018-01-30 15:31:50,"lilly@pmsc-dtfb.org","Pike Market Food Bank","1531 Western Ave P, Seattle, WA, 98101","Seattle","WA",98101,"Lillia Glover",NA,"Solid Ground",3500,"Tue 10-1, Weds 4-6, Thurs 10-1",7000,NA,"No",6,8,4,"Fresh, Dry","No","Yes","No",5,NA,2,1,0,0,1,0,1,"Forklift, Computers or Software, Transportation (ex. truck or van)",1,NA,1,1,"Van and driver,  better software","list(lat = 47.6088367, lng = -122.3419283)","47.6088367","-122.3419283"
"101",2018-01-30 20:27:11,"tippinsleslie@yahoo.com","Quilcene Food Bank","294952 US-101, Quilcene, WA, 98376","Quilcene","WA",98376,"Leslie Tippins","same as above",NA,200,"11-2pm Wed",400,"1600","Yes",4,7,8,"Fresh, Frozen","No","No","No",NA,NA,0,1,0,0,1,1,NA,"Forklift, Pallet Jack, Transportation (ex. truck or van),  secure out side storage for boxes pallets ect.",1,1,NA,1,"covered area to off load food","list(lat = 47.8213878, lng = -122.8791183)","47.8213878","-122.8791183"
"102",2018-01-31 08:49:18,"smolea2000@omcast.net","Spanaway food bank","16001 Ast. S, Spanaway, WA, 98387","Spanaway","WA",98387,"Harold Smith","Smolea2000@comcast.net","Emergency Food Network",1300,"Mon,wed and Friday 1-2:00 p.m.",700,"0","Yes",5,7,8,"Dry","No","No","No",NA,NA,3,0,5,2,0,6,0,"Transportation (ex. truck or van)",NA,NA,NA,1,NA,"list(lat = 47.1115061, lng = -122.458541)","47.1115061","-122.458541)"
"103",2018-02-01 12:41:55,"susan@skhelpline.org","South Kitsap Helpline","1012 Mitchell Ave, Port Orchard, WA, 98366","Port Orchard","WA",98366,"Susan Saiki","susan@skhelpline.org","Community Action Council",4388,"10:30 - 3:30 m-f",2000,"300","Yes",2,5,5,"Fresh, Dry","No","No","No",NA,NA,2,0,1,1,1,2,0,"Pallet Jack",NA,1,NA,NA,"Maybe covered tubs of some sort.","list(lat = 47.533852, lng = -122.6265958)","47.533852,","122.6265958)"
"104",2018-02-01 13:29:48,"bobjewell@hotmail.com","All Saints community Services Food Bank","204 6th Ave. SW, Puyallup, WA, 98371","Puyallup","WA",98371,"Aleah Petulot","aleahp@allsaintsparish.com","Emergency Food Network",500,"8 hrs mon-fri",650,"250","Yes",5,8,7,"Frozen, Dry","Yes","Yes","No",2,"fresh vegetables requiring refrigeration",1,0,0,0,1,0,0,"Transportation (ex. truck or van)",NA,NA,NA,1,"Larger facility so we didn't need to use a neighborhood garage for storage and sorting","list(lat = 47.1870449, lng = -122.295307)","47.1870449","-122.295307)"
"105",2018-02-01 15:48:55,"tom@cedarspringsnw.com","Harvest House","25713 70th Ave E, Graham, WA, 98338","Graham","WA",98338,"Tom Maus","Tom@cedarspringsnw.com","Emergency Food Network",400,"Saturday 9:30- noon",1000,"250","Yes",5,7,7,"Fresh","No","No","No",NA,"None",1,0,3,0,0,3,0,"Commercial Walk in Cooler",NA,NA,NA,NA,"Walk in Cooler","list(lat = 47.0231541, lng = -122.3366047)","47.0231541","-122.3366047"
"106",2018-02-01 20:23:27,"reuetadoiron@hotmail.com","Samoan Family Support Services Food Pantry","230 S 94th St, Tacoma, WA, 98444","Tacoma","WA",98444,"Gerry Doiron","gerarddoiron452@msn.com","Emergency Food Network",2500,"08:30 - 11:30 Tuesday",1220,"0","No",9,9,7,"Fresh, Frozen, Dry","Yes","Yes","No",4,"Fresh fruits, vegetables,",0,0,1,0,0,4,0,"Pallet Jack, Transportation (ex. truck or van)",NA,1,NA,1,"refrigerated 16 ft box van","list(lat = 47.1714794, lng = -122.4360722)","47.1714794","-122.4360722"
"107",2018-02-02 08:50:41,"kathy.steinkamp@makah.com","Makah Food Bank","90 Resort Dr, Neah Bay, WA, 98357","Neah Bay","WA",98357,"kathy steinkamp","kathy.steinkamp@makah.com","Olycap",525,"Monday - Friday 8.a.m.-5 p.m.",3500,NA,"Yes",1,3,2,"Fresh, Frozen","No","No","No",NA,NA,1,1,0,0,1,3,0,"Forklift",1,NA,NA,NA,"commercial refrig","list(lat = 48.3475225, lng = -124.6680859)","48.3475225","-124.6680859"
"108",2018-02-02 15:23:11,"ortingfoodbank@yahoo.com","Orting Food Bank","224 Washington Ave S, Orting, WA, 98360","Orting","WA",98360,"Robin Hash","ortingfoodbank@yahoo.com","Emergency Food Network",430,"Monday 3-6pm, Wednesday 12-3pm, Friday 9am-12pm, Saturday 10am-1pm",3000,NA,"Yes",6,8,7,"Fresh","No","Yes","No",1,"Someone wanted to give us a pallet of chicken over the holidays and our freezer was full of turkeys.",1,1,3,3,1,1,0,"Forklift",1,NA,NA,NA,"Dumbwaiter","list(lat = 47.0966183, lng = -122.2016775)","47.0966183","-122.2016775"
"109",2018-02-05 09:07:07,"director@maltbyfoodbank.org","Maltby Food Bank","21104 86th Ave SE, Snohomish, WA, 98296","Snohomish","WA",98296,"Natalie Oswald","Director@MaltbyFoodBank.org","Volunteers of America",1200,"Thursday 2:00 p.m. to 4:45 p.m.",1900,"0","Yes",5,6,6,"Fresh","No","Yes","No",NA,"Frozen and dry from VOA if we already have a lot of that item",1,1,0,0,1,1,1,NA,NA,NA,NA,NA,"Smaller Forklift for inside the building","list(lat = 47.8061735, lng = -122.1168656)","47.8061735","-122.1168656"
"110",2018-02-05 11:13:23,"bobn@bellinghamfoodbank.org","Bellingham Food Bank","1824 Ellis Street, Bellingham, WA, 98225","Bellingham","WA",98225,"Bob Norton","bobn@bellinghamfoodbank.org","Alternatives to Hunger/Whatcom Community Organization",15000,"M-F 8:00 am-4:30 pm",13500,"0","Yes",7,6,6,"Fresh, Frozen, Dry","No","No","No",NA,NA,3,2,0,0,2,0,0,NA,NA,NA,NA,NA,NA,"list(lat = 48.7547533, lng = -122.4717458)","48.7547533","-122.4717458"
"111",2018-02-05 15:39:51,"acarlson@coastalharvestwa.org","Coastal Harvest Mobile Food Pantry","4576 WA-109, Pacific Beach, WA, 98571","Pacific Beach","WA",98571,"Amy Carlson","acarlson@coastalharvestwa.org","Coastal Harvest",250,"3rd Tuesday of the month from 9 am to 2 pm",3500,NA,"Yes",4,6,2,"Fresh, Frozen, Dry","No","No","No",0,"none",2,0,0,0,0,0,3,"Computers or Software",NA,NA,1,NA,"none","list(lat = 47.2191997, lng = -124.2033289)","47.2191997","-124.2033289"
"112",2018-02-05 16:19:26,"communityfoodpantry2012@gmail.com","Community Food Pantry","71 NE Old Belfair Hwy, Belfair, WA, 98528","Belfair","WA",98528,"Kathryn Hggenbottom","Communityfoodpantry2012@gmail.com",NA,2800,"Monday, Tuesday, Friday, and Saturday 12pm-5pm",6000,NA,"Yes",10,8,6,"Fresh, Dry","No","No","No",NA,NA,0,0,4,0,0,25,0,"Forklift, Transportation (ex. truck or van), commercial fridges and freezers",1,NA,NA,1,NA,"list(lat = 47.4548966, lng = -122.8279703)","47.4548966","-122.8279703"
"113",2018-02-05 16:49:30,"kmcnelly@roofcommunityservices.org","ROOF Community Services","10140 U.S. 12 SW, Rochester, WA, 98579","Rochester","WA",98579,"Kellie McNelly","kmcnelly@roofcommunityservices.org","Thurston County Food Bank",2000,"M,Tu,Th- 9:30-11:30 & 3:00-5:00, Friday 9:30-12:00",900,"0","No",5,6,8,"Fresh, Frozen","No","No","No",NA,NA,1,1,0,1,1,0,0,"Transportation (ex. truck or van)",NA,NA,NA,1,"We need more space-a bigger building with a delivery entrance different from where our clients enter the building. Better use of our space. No more room for pallets or shelves.","list(lat = 46.8223482, lng = -123.0966287)","46.8223482","-123.0966287"
"114",2018-02-05 19:34:14,"stanarlt@outlook.com","Pasco Community Services","605 Road 36, Pasco, WA, 99301","Pasco","WA",99301,"Stan Arlt","stanarlt@outlook.com","St. Vincent de Paul",4500,"9:00 til 12:00 noon, every Wednesday",350,"0","No",8,7,7,"Frozen, Dry","No","No","No",NA,NA,0,0,8,0,0,13,0,"walk in refrigerators and freezers",NA,NA,NA,NA,"walk in refrigerators and freezers","list(lat = 46.2336742, lng = -119.1381762)","46.2336742","-119.1381762"
"115",2018-02-05 19:52:40,"sheesuneek@gmail.com","Copalis Community Church Food Bank","3134 State Route 109, Copalis Beach, WA, 98535","Copalis Beach","WA",98535,"Jeanne Elliott","sheesuneek@gmail.com",NA,4750,"1 day - 1:30/5:30 pm",1200,NA,"Yes",5,5,5,"Fresh, Frozen, Dry","No","No","Yes",1,"N/A",0,1,1,0,1,3,6,NA,NA,NA,NA,NA,"Up graded clothing-bank","list(lat = 47.1141172, lng = -124.1716746)","47.1141172","-124.1716746"
"116",2018-02-05 20:30:07,"davona1242@outlook.com","Humptulips Grange Food Bank","32 McAfee Rd, Humptulips, WA, 98550","Humptulips","WA",98550,"davona Gwin","davona1242@outlook.com","Emergency Food Network",200,"3rd Wednesday of month---12noon to 3 PM",1057,"100","Yes",2,2,4,"Fresh, Frozen, Dry","No","No","No",NA,"0",0,0,2,0,1,0,0,"Forklift, Computers or Software, Transportation (ex. truck or van)",1,NA,1,1,"On site freezer","list(lat = 47.2330936, lng = -123.9592173)","47.2330936","-123.9592173"
"117",2018-02-05 21:10:45,"cdsnek@gmail.com","Palouse Food Pantry","215 E Church Street, Palouse, WA, 99161","Palouse","WA",99161,"Charlotte Snekvik","cdsnek@gmail.com","2nd Harvest / COA",35,"2 1/2 hrs one day per month",324,NA,"Yes",2,2,9,"Fresh, Frozen","No","No","No",NA,NA,NA,NA,2,NA,NA,1,NA,NA,NA,NA,NA,NA,NA,"list(lat = 46.91145, lng = -117.0758606)","46.91145, ","17.0758606)"
"118",2018-02-05 21:12:40,"dbjwidman@gmail.com","Rosalia Commodities (pantry)","214 S Whitman Ave, Rosalia, WA, 99170","Rosalia","WA",99170,"Billie Jean Widman","dbjwidman@gmail.com",NA,24,"Last Wednesday of the month   9 to 11 A.M.",NA,NA,"No",1,1,2,NA,"No","No","No",NA,NA,0,0,0,0,0,0,0,NA,NA,NA,NA,NA,"I just deal with the commodities that are delivered that day - the church has no other means available for additional items.","list(lat = 47.2388195, lng = -117.369039)","47.2388195","-117.369039)"
"119",2018-02-05 21:40:43,"lpeterson1947@live.com","McCleary Food Bank","100 S 3rd St, McCleary, WA, 98557","McCleary","WA",98557,"Larry Peterson","lpeterson1947@live.com","Coastal Harvest",250,"9 to 11 a.m. Second and fourth Mondays",200,"140","Yes",7,7,7,"Frozen, Dry","No","No","No",NA,NA,0,0,3,0,0,5,0,NA,NA,NA,NA,NA,"Building on to Building, walk-in freezer and walk-in cooler","list(lat = 47.055744, lng = -123.270656)","47.055744,","123.270656)"
"120",2018-02-05 23:42:53,"LifeCenterRainier@outlook.com","Life Center Rainier","17708 28th Ave E, Tacoma, WA, 98445","Tacoma","WA",98445,"Karen Armstrong","Armstrongfarm@comcast.net","Emergency Food Network",1309,"Every Tuesday from 3:30-5:30",500,NA,"Yes",9,9,8,NA,"No","No","No",NA,NA,1,0,3,0,0,2,2,NA,NA,NA,NA,NA,"We are going to build a bigger Food bank soon which will help us.","list(lat = 47.095262, lng = -122.3929229)","47.095262,","122.3929229)"
"121",2018-02-06 09:39:23,"hsholes@hughes.net","North River Food Bank","2637 North River Road, Cosmopolis, WA, 98537","Cosmopolis","WA",98537,"Haldis Sholes","Hsholes@hughes.net",NA,14,"3:00pm to 5:00pm",128,"0","Yes",6,8,8,"Fresh","No","No","No",0,NA,0,0,3,0,0,3,0,NA,NA,NA,NA,NA,"Commercial storage shelving","list(lat = 46.7760602, lng = -123.5138589)","46.7760602","-123.5138589"
"122",2018-02-06 09:39:52,"Fmason@Squaxin.us","Squaxin Tribal","2750 SE Old Olympic Hwy, Shelton, WA, 98584","Shelton","WA",98584,"Amy Carlson","acarlson@coastalharvestwa.org","Coastal Harvest",300,"Friday 9am -3pm",288,"144","Yes",5,5,5,"Frozen","Yes",NA,NA,1,"questionable produce",0,0,0,0,0,4,0,"box knifes , cutting boards , plastic gloves and strainers",NA,NA,NA,NA,"more shelves","list(lat = 47.1209865, lng = -123.082585)","47.1209865","-123.082585)"
"123",2018-02-06 09:57:36,"saintspantry@gmail.com","The Saints' Pantry Food Bank","214 S 2nd St, Shelton, WA, 98584","Shelton","WA",98584,"Sheryl Sjobom","sssjobom@hotmail.com","Community Action Council",3970,"Tues and Wed 9:30 to noon for food distribution",2000,"0","Yes",2,6,8,"Fresh, Frozen","No","No","No",NA,NA,1,1,0,0,1,2,3,"Transportation (ex. truck or van)",NA,NA,NA,1,"We need a larger facility","list(lat = 47.2117614, lng = -123.1014997)","47.2117614","-123.1014997"
"124",2018-02-06 10:02:04,"bob@uvmend.org","The Community Cupboard","219 14th Street, Leavenworth, WA, 98826","Leavenworth","WA",98826,"Bob Mark","bob@uvmend.org","Community Action Council",550,"Monday -- Saturday, 11 AM -- 5 PM",250,NA,"No",8,5,7,NA,"Yes","Yes","Yes",NA,"We've had to ask the CDCAC warehouse to store our dry donations from the NW Harvest/Safeway Home Team Harvest holiday food drive, because we don't have adequate storage for dry goods (our local Safeway store sold over 1,400 $10 bags of food!).  We've also had to use freezer space of a local restaurant over the holidays because our freezers were maxed out with chickens, turkeys, hams, pies, etc.--holiday items.  In the summertime, when our gleaning program is harvesting fresh produce from area farms/gardens/orchards/etc. we've had to ask the CDCAC warehouse to store and help distribute this produce, due mainly to the abundance of food that is gleaned.",0,0,3,3,0,3,0,NA,NA,NA,NA,NA,"We currently need more storage space and could really benefit from a walk-in cooler and freezer.  Certain times of the year, particularly during the holidays, we are maxed out with our space, especially our freezer space. Our food bank is currently housed in the same space as a thrift store, which is what helps us to stay open 6 days/week, but it also limits our food storage space.  That will soon change, however, as we will be separating the food bank and thrift store in the coming months.  Once that happens, we'll have much more space for food storage, and our food bank will become more of a shopping model.  That should help to alleviate our storage issues.  We're hoping part of that process could also include walk-ins.","list(lat = 47.5983335, lng = -120.6540471)","47.5983335","-120.6540471"
"125",2018-02-06 10:07:26,"john@kvfish.org","FISH","1407 N B Street, Ellensburg, WA, 98926","Ellensburg","WA",98926,"John Poyner","john@kvfish.org","FISH",1250,"M-F 8:30-5",4000,"3200","Yes",7,6,7,"Fresh","No","No","No",NA,"N/A",2,1,0,2,1,4,0,NA,NA,NA,NA,NA,"A larger warehouse, so to better utilize our forklift.","list(lat = 47.0067936, lng = -120.5479725)","47.0067936","-120.5479725"
"126",2018-02-06 13:26:06,"pcels@coastaccess.com","Green Lantern Lunch Program","23 Cole St, Copalis Beach, WA, 98535","Copalis Beach","WA",98535,"Phyllis Shaughnessy","pcels@coastaccess.com","Coastal Harvest/Food Lifeline",1948,"Pack Thursday 8-11  Deliver Friday 4 routes 3 hours each to deliver",694.3,"0","Yes",4,1,6,"Fresh, Dry","No","No","No",0,"none",0,0,3,0,0,2,0,"Transportation (ex. truck or van)",NA,NA,NA,1,"Having a truck or van at our disposal to pick up and deliver product.","list(lat = 47.1171066, lng = -124.164879)","47.1171066","-124.164879)"
"127",2018-02-06 15:08:57,"rosaliafoodpantry@vfemail.net","Rosalia Food Pantry","818 N Whitman Ave, Rosalia, WA, 99170","Rosalia","WA",99170,"Becky Sessions","rosaliafoodpantry@vfemail.net","Council on Aging",60,"Third Thursday of each month 6 pm-8pm",50,NA,NA,2,2,7,"Fresh, Frozen, Dry","No","No","No",NA,NA,NA,0,1,0,0,2,0,"Forklift, Pallet Jack",1,1,NA,NA,"Jack lift and fork lift--it would help us unload our pickups when it gets to our location.","list(lat = 47.2449992, lng = -117.3669365)","47.2449992","-117.3669365"
"128",2018-02-06 17:53:24,"food4uandc@gmail.com","Colton - Uniontown","851 Niehenke Rd, Colton, WA, 99113","Colton","WA",99113,"Debbie Niehenke","food4uandc@gmail.com","Council on Aging",80,"4th Tuesday each month; 6:30-8:00 pm",180,"0","No",10,10,10,"Fresh, Frozen","Yes","Yes","Yes",6,"Cut Second Harvest offer in half. Refuse fresh eggs due to no dedicated cold storage area.",0,0,0,0,0,1,0,"Forklift, Pallet Jack, Computers or Software, Transportation (ex. truck or van), We don't have any equipment",1,1,1,1,"Storage for fresh and frozen","list(lat = 46.6076959, lng = -117.0968535)","46.6076959","-117.0968535"
"129",2018-02-06 23:23:46,"Bountyfoodbank@gmail.com","Bounty Food Bank","5634 S Park Ave, Tacoma, WA, 98408","Tacoma","WA",98408,"Jeremy Hood","conciergelawncare@gmail.com","Emergency Food Network",500,"Every Monday from 9:30 AM to 11:30 AM",600,NA,"Yes",8,8,6,"Fresh","No","No","No",NA,"N/A",0,0,4,0,0,0,3,NA,NA,NA,NA,NA,"More refrigerator and freezer storage.","list(lat = 47.205234, lng = -122.4422588)","47.205234,","122.4422588)"
"130",2018-02-07 11:11:00,"rhermann40@hotmail.com","St. Vincent de Paul Food Bank & Community Services","215 S 6th Ave, Pasco, WA, 99302-4273","Pasco","WA",99302,"Linda Hermann","rhermann40@hotmail.com","St. Vincent de Paul",3591,"11:00 a.m.  to 4:00 p.m. Wednesdays",4925,"0","Yes",4,4,5,"Fresh, Frozen, Dry","No","No","No",0,"0",1,1,1,1,1,1,0,"need better refrigerated truck",NA,NA,NA,NA,"having a good refrigerated truck to pick up frozen and refrigerated items in summer","list(lat = 46.2286385, lng = -119.0951252)","46.2286385","-119.0951252"
"131",2018-02-07 11:14:35,"bvhouk@msn.com","BASH Foodbank","103 140th Street South, Tacoma. WA, 98444","Tacoma","WA",98444,"Vickie Houk","bvhouk@msn.com","Emergency Food Network",1200,"Wed/Thurs 10:00 - 2:00",120,NA,"No",8,9,5,"Fresh, Dry","No","Yes","No",3,"Fresh meat to put in freezer, frozen pizza, frozen bread",5,0,0,0,0,7,0,"Forklift, Transportation (ex. truck or van), shelving",1,NA,NA,1,"shelving, to store higher","list(lat = 47.130524, lng = -122.4322836)","47.130524,","122.4322836)"
"132",2018-02-07 11:56:01,"mansfieldfoodbank@gmail.com","Mansfield Food Bank","26 S Main Street, Mansfield, WA, 98830","Mansfield","WA",98830,"Lori Paine","mansfieldfoodbank@gmail.com",NA,150,"Saturday 10:00 - 11:00 and when needed by appointment",1000,NA,"Yes",2,2,6,"Fresh, Frozen","Yes","Yes","No",NA,"fresh produce and frozen items",0,0,2,0,0,2,0,"more shelving",NA,NA,NA,NA,"another upright freezer","list(lat = 47.811492, lng = -119.637809)","47.811492,","119.637809)"
"133",2018-02-07 12:20:17,"papaawayne@gmail.com","LaCrosse","110 Main St, LaCrosse, WA, 99143","LaCrosse","WA",99143,"Wayne A. Miller","P O Box 212, PaCrosse, Wa 99143","Emergency Food Network",70,"2ns and 4th Saturday 11:00 to 2:00",800,"0","No",2,2,8,"Fresh, Frozen","No","No","Yes",0,"Rice, Speg, Peanut butter,",0,0,4,0,0,4,0,"Transportation (ex. truck or van)",NA,NA,NA,1,"More storage space for dried food . We just need a new building  that has water and more room ,","list(lat = 46.8172273, lng = -117.8785694)","46.8172273","-117.8785694"
"134",2018-02-07 12:50:49,"carnack@comcast.net","Bread of Life Food Bank","8810 Lawndale Avenue SW, Lakewood, WA, 98498","Lakewood","WA",98498,"Lucy Wise, Director","carnack@comcast.net","Emergency Food Network",1400,"Thursdays from 1-5 p.m.",NA,"0","Yes",7,8,8,"Fresh","No","No","No",NA,NA,3,0,0,3,0,1,0,"We have everything we have room for.  We couldn't store big items like the forklift or pallet jack and we use volunteers for transportation or pick-ups.",NA,NA,NA,NA,"We need a larger space and are working towards that in the future.","list(lat = 47.1459127, lng = -122.5548498)","47.1459127","-122.5548498"
"135",2018-02-07 14:26:54,"rhermann40@hotmail.com","St. Vincent de Paul Food Bank & Community Services","215 S 6th Ave, Pasco, WA, 99301","Pasco","WA",99301,"Linda Hermann","rhermann40@hotmail.com","St. Vincent de Paul",13574,"11:00 a.m. to 4:00 p.m. Wednesdays",4925,"0","Yes",4,4,5,"Fresh, Frozen, Dry","No","No","No",NA,NA,1,1,1,1,1,1,0,"need better refrigerated truck",NA,NA,NA,1,"having a good refrigerated truck to pick up frozen and refrigerated items in summer","list(lat = 46.2286385, lng = -119.0951252)","46.2286385","-119.0951252"
"136",2018-02-07 16:02:35,"ms.pam1305@gmail.com","Cashmere Food Bank","213 S Division St, Cashmere, WA 98815","Cashmere","WA",98815,"Pam Leighton","ms.pam1305@gmail.com","Community Action Council",100,"2nd & 4th Wednesday of each month 3:30 - 5:00 pm",850,"0","No",2,7,8,"Fresh, Frozen, Dry","Yes","No","No",2,"Large quantities of produce that need refrigeration are difficult to accept as we have more freezer space than refrigeration space.  Plus sometimes the produce is near or at the end of it's use.",1,0,2,0,0,6,0,"Computers or Software, Refrigeration units",NA,NA,1,NA,"More shelving, we have recently spent money on getting more shelving.","list(lat = 47.5196854, lng = -120.4694749)","47.5196854","-120.4694749"
"137",2018-02-09 07:59:30,"jwoomack@yahoo.com","Garfield Ladow Food Pantry","211 E Main,Garfield, WA, 99130","Garfield","WA",99130,"James A Woomack","jwoomack@yahoo.com","2nd Harvest",110,"2-6 pm/Thursday of the last full week of month",900,"0","Yes",7,7,9,"Frozen","Yes","No","No",12,"Produce/don't have storage facility to keep fresh more then a few days",0,0,7,0,0,7,0,"Forklift, Pallet Jack, Computers or Software, Transportation (ex. truck or van)",1,1,1,1,"New freezers","list(lat = 47.0069986, lng = -117.1371544)","47.0069986","-117.1371544"
"138",2018-02-09 10:32:01,"hoquiamfoodbank@comcast.net","Hoquiam Food and Clothing Bank","720K St, Hoquiam, WA, 98550","Hoquiam","WA",98550,"Linda Borth","rlborth@msn.com","Coastal Harvest",1300,"Monday & Wednesday - 12:00 - 2:00",2000,"0","Yes",8,8,5,"Frozen, Dry","No","No","No",0,"none",0,1,2,0,1,0,0,"elevator",NA,NA,NA,NA,NA,"list(lat = 46.9760643, lng = -123.8863064)","46.9760643","-123.8863064"
"139",2018-02-09 12:05:29,"mellynncoffman@msn.com","NM Coalition of Churches and Community","30 NE Romance Hill Road, Belfair, WA, 98528","Belfair","WA",98528,"Lynn Coffman","mellynncoffman@msn.com",NA,200,"Wednesday Free Lunch, Weekend Backpacks & School Break Meal Boxes",600,"200","Yes",9,8,7,"Fresh","Yes","Yes","Yes",4,"frozen garbanzo beans, melons, sugared beverages, sugared coffee products",0,0,3,0,0,4,0,"Forklift, Pallet Jack, Computers or Software, Transportation (ex. truck or van)",1,1,1,1,"none at this time","list(lat = 47.4459765, lng = -122.8301383)","47.4459765","-122.8301383"
"140",2018-02-10 15:12:28,"creek_cs@hotmail.com","Wenatchee Food Bank","504 S Chelan St, Wenatchee, WA, 98801","Wenatchee","WA",98801,"Chris Creek","creek_cs@hotmail.cm",NA,240,"Thursday, 9 - 11 am",0,"5000","Yes",5,1,5,"Fresh, Frozen, Dry","No","No","No",NA,NA,0,0,1,0,0,0,0,NA,NA,NA,NA,NA,NA,"list(lat = c(47.4173357, 47.416471), lng = c(-120.3088525, -120.3079168))","c(47.41733","16471), lng "
"141",2018-02-12 18:25:10,"hannah@tartissmart.com","Basin City Food Bank","5825 Burlington Loop, Pasco, WA,  99301","Pasco","WA",99301,"Hannah Shaw",NA,"St. Vincent de Paul",441,"3rd Saturday of each Month",400,"0","Yes",8,7,6,"Frozen, Dry","No","No","No",NA,NA,4,0,0,0,0,4,0,"Pallet Jack, Transportation (ex. truck or van)",NA,1,NA,1,NA,"list(lat = 46.2812516, lng = -119.1017805)","46.2812516","-119.1017805"
"142",2018-02-12 18:36:06,"waltandlinda1@gmail.com","Rock Island","5 N Garden, Rock Island, WA, 98850","Rock Island","WA",98850,"Linda Lindsay","Waltandlinda1@gmail.com","Community Action Council",380,"9:00-11:00 am - Tuesdays",50,NA,"Yes",2,2,3,"Fresh","No","No","No",NA,NA,2,0,0,0,0,1,0,"Forklift, Pallet Jack, Transportation (ex. truck or van)",1,1,NA,1,NA,"list(lat = 47.3753683, lng = -120.1436837)","47.3753683","-120.1436837"
"143",2018-02-15 09:24:03,"joshuaseed58@gmail.com","Malone Food Bank","25 Mox Chehalis RD, Malone, WA, 98541","Malone","WA",98541,"Joe and Judy Hull  Directors","joshuaseed58@gmail.com / hulljl62@gmail.com",NA,80,"7:am - 9:am, 2nd and last Wednesday of each month",380,"0","Yes",8,7,6,"Frozen, Dry","No","No","No",NA,NA,1,NA,NA,NA,NA,5,NA,"Pallet Jack",NA,1,NA,NA,"Bigger Facility","list(lat = 46.9599708, lng = -123.3270523)","46.9599708","-123.3270523"
"144",2018-02-15 10:25:47,"caseyd@edmondsumc.org","Edmonds Food Bank","828 Caspers St, Edmonds, WA, 98020","Edmonds","WA",98020,"Casey Davis","caseyd@edmondsumc.org","Food Lifeline",4800,"Monday and Tuesday 9am - 12:30",4000,NA,"No",9,10,8,"Fresh","No","No","No",NA,NA,1,2,NA,NA,1,NA,NA,"Transportation (ex. truck or van)",NA,NA,NA,1,"redefine our space and add additional freezer and a refrigerated  truck","list(lat = 47.817016, lng = -122.369074)","47.817016,","122.369074)"
"145",2018-02-17 14:14:27,"garrisop2001@yahoo.com","APOYO","1320 West 18th Ave, Ellensburg, WA, 98926","Ellensburg","WA",98926,"Philip Garrison","garrisop@yahoo.com","FISH",275,"6:00 - 7:00 Wednesdays 1:00 - 2:00 Saturdays",656,"0","No",10,10,10,"Fresh, Frozen, Dry","Yes","Yes","Yes",5,"Fresh vegetables, frozen potatoes, dry masa, canned goods",0,0,1,0,0,2,0,"Forklift, Pallet Jack, Computers or Software, Transportation (ex. truck or van), Hand truck",1,1,1,1,"Remodeling and construction of distribution and storage center","list(lat = 47.0105299, lng = -120.5288139)","47.0105299","-120.5288139"
"146",2018-02-21 08:38:51,"johnp@occac.com","Okanogan County Community Action - Okanogan Food Pantry","424 2nd Ave South, Okanogan, WA, 98840","Okanogan","WA",98840,"John Perry","johnp@occac.com","Community Action Council",1620,"Monday and Tuesday, 9am-2:30pm",1000,"5000","Yes",2,5,5,"Fresh, Frozen","No","No","No",NA,NA,0,1,1,0,1,0,0,NA,NA,NA,NA,NA,"None","list(lat = 48.3619489, lng = -119.5834772)","48.3619489","-119.5834772"
"147",2018-02-21 10:42:21,"nmckee2000@yahoo.com","Brewster Food Bank","301 South 4th St, Brewster, WA, 98812","Brewster","WA",98812,"Neal McKee","nmckee2000@yahoo.com","Community Council",523,"7.5",288,"72","No",1,2,5,"Fresh, Frozen, Dry","No","No","No",0,"0",2,0,0,0,1,2,0,NA,NA,NA,NA,NA,NA,"list(lat = 48.0967963, lng = -119.7826426)","48.0967963","-119.7826426"
